SKU,Tên sản phẩm,Thương hiệu,Danh mục,Đường dẫn
47,Sachi,,Thực phẩm chức năng,
45,Berocca,,Thực phẩm chức năng,
00002990,Thuốc Farzincol Pharmedic điều trị thiếu kẽm (10 vỉ x 10 viên),Pharmedic,Thực phẩm chức năng,https://nhathuoclongchau.com.vn/thuoc/farzincol-10mg-3786.html
00006780,"Thuốc bột pha hỗn dịch uống Smecta Ipsen hương cam & vani điều trị tiêu chảy, bảo vệ niêm mạc tiêu hoá (30 gói)",Ipsen,Thực phẩm chức năng,https://nhathuoclongchau.com.vn/thuoc/smecta-2236.html
00001954,"Thuốc Clorpheniramin 4 DHG điều trị viêm mũi dị ứng, chảy nước mũi (10 vỉ x 20 viên)",Dhg,Thực phẩm chức năng,https://nhathuoclongchau.com.vn/thuoc/clorpheniramin-4-200v-4228.html
00009723,Viên sủi Berocca Bayer bổ sung vitamin và khoáng chất (10 viên),Bayer,Thực phẩm chức năng,https://nhathuoclongchau.com.vn/thuoc/berocca-1515.html
00004244,"Viên nhai Kremil-S United điều trị đau dạ dày, giảm nóng rát dạ dày, ợ nóng, ợ chua (10 vỉ x 10 viên)",United,Thực phẩm chức năng,https://nhathuoclongchau.com.vn/thuoc/kremils-s-3315.html
00004206,Gel bôi da Klenzit MS điều trị mụn trứng cá (15g),Glenmark,Thực phẩm chức năng,https://nhathuoclongchau.com.vn/thuoc/klenzit-15g-3330.html
00008350,"Viên sủi Efferalgan 500mg UPSA SAS giảm đau, hạ sốt (4 vỉ x 4 viên)",Upsa Sas,Thực phẩm chức năng,https://nhathuoclongchau.com.vn/thuoc/efferalgan-500mg-1620.html
00010253,"Thuốc Eugica MEGA We care điều trị ho đờm, cảm cúm, sổ mũi (10 vỉ x 10 viên)",MEGA We care,Thực phẩm chức năng,https://nhathuoclongchau.com.vn/thuoc/eugica-vien-uong-dieu-tri-ho-cam-cum-490.html
00002441,Kem Differin Galderma điều trị mụn trứng cá (30g),Galderma,Thực phẩm chức năng,https://nhathuoclongchau.com.vn/thuoc/differin-0130mg-17372.html
00045449,"Siro bổ sung canxi & vitamin D3, K2 cho cơ thể Canxi-D3-K2 Kingphar (6 vỉ x 5 ống x 5ml)",Kingphar,Thực phẩm chức năng,https://nhathuoclongchau.com.vn/thuc-pham-chuc-nang/siro-bo-sung-canxi-d3-k2-kingphar-6-x5-ong.html
00039499,Siro bổ sung canxi giúp xương răng chắc khỏe Canxi + D3K2 Hatro (120ml),Hatro,Thực phẩm chức năng,https://nhathuoclongchau.com.vn/thuc-pham-chuc-nang/siro-bo-sung-canxi-giup-xuong-rang-chac-khoe-canxi-d3-k2-hatro-120-ml.html
00040747,"Viên bổ sung canxi, khoáng chất giảm nguy cơ loãng xương Calcium Premium JpanWell (120 viên)",Jpanwell,Thực phẩm chức năng,https://nhathuoclongchau.com.vn/thuc-pham-chuc-nang/vien-uong-bo-sung-canxi-giam-nguy-co-loang-xuong-calcium-premium-jpanwell-120-v.html
00502554,Viên uống bổ sung canxi giúp xương răng chắc khỏe Calci Nano Hải Thượng Vương (60 viên),Hải Thượng Vương,Thực phẩm chức năng,https://nhathuoclongchau.com.vn/thuc-pham-chuc-nang/vien-uong-calci-nano-hai-thuong-vuong-60v-36815.html
00022705,Viên bổ sung canxi khoáng chất chắc xương khoẻ khớp Vitabiotics Osteocare (2 vỉ x 15 viên),Vitabiotics,Thực phẩm chức năng,https://nhathuoclongchau.com.vn/thuc-pham-chuc-nang/osteocare-vitabiotics-2x15-23027.html
00021988,"Viên uống bổ sung Canxi và Vitamin D3, K2, giúp xương răng chắc khỏe Anica Ocavill (60 viên)",OCAVILL,Thực phẩm chức năng,https://nhathuoclongchau.com.vn/thuc-pham-chuc-nang/anica-phytextra-60v-22332.html
00503275,"Viên uống bổ sung canxi, hỗ trợ giảm nguy cơ loãng xương Calci K-2 Pharma World (60 viên)",Pharma World,Thực phẩm chức năng,https://nhathuoclongchau.com.vn/thuc-pham-chuc-nang/vien-uong-bo-sung-canxi-giam-nguy-co-loang-xuong-pharma-word-calci-k-2-60v-37580.html
00045955,"Viên uống bổ sung canxi, giúp tăng chiều cao cho trẻ NutriGrow Nutrimed (60 viên)",NUTRIMED,Thực phẩm chức năng,https://nhathuoclongchau.com.vn/thuc-pham-chuc-nang/vien-uong-bo-sung-canxi-giup-xuong-chac-khoe-nutrigrow-nutrimed-60-v.html
00051575,"Viên uống bổ sung canxi, Vitamin D3, giúp xương răng chắc khoẻ Vitatree Kids Super Milky Calcium 330mg plus Vitamin D3 (Hộp 60 viên)",Vitatree,Thực phẩm chức năng,https://nhathuoclongchau.com.vn/thuc-pham-chuc-nang/vien-uong-bo-sung-canxi-vitamin-d3-giup-xuong-rang-chac-khoe-vitatree-kids-super-milky-calcium-330-mg-plus-vitamin-d3-60-v.html
00039538,"Viên sủi bổ sung canxi, vitamin K2, vitamin D3 cho cơ thể Kudos Bone hương cam (20 viên)",KUDOS,Thực phẩm chức năng,https://nhathuoclongchau.com.vn/thuc-pham-chuc-nang/vien-sui-kudos-bone-health-calcium-d3-and-vitamin-k2-huong-cam-20-v.html
00051539,"Viên uống bổ sung canxi, Vitamin D3 và Vitamin K2 cho cơ thể, hỗ trợ xương chắc khoẻ CalciumElite Vitamins For Life (Hộp 60 viên)",Vitamins For Life,Thực phẩm chức năng,https://nhathuoclongchau.com.vn/thuc-pham-chuc-nang/vien-uong-bo-sung-canxi-vitamin-d3-va-vitamin-k2-cho-co-the-ho-tro-xuong-chac-khoe-calciumelite-vitamins-for-life-60-v.html
00051048,Viên nhai bổ sung canxi và vitamin D3 giúp xương và răng chắc khỏe Nature's Way Kids Smart Bursts Calcium + Vitamin D3 (50 viên),Nature's way,Thực phẩm chức năng,https://nhathuoclongchau.com.vn/thuc-pham-chuc-nang/vien-uong-bo-sung-canxi-va-vitamin-d3-cho-be-nature-s-way-kids-smart-bursts-calcium-vitamin-d3-50-v.html
00032445,Thuốc Calcium Corbiere Kids Extra Sanofi bổ sung canxi cho trẻ em (3 vỉ x 10 ống x 5ml),Sanofi,Thực phẩm chức năng,https://nhathuoclongchau.com.vn/thuoc/calcium-corbiere-kids-extra-sanofi-5ml-32569.html
00345335,"Viên uống hỗ trợ phòng chống loãng xương, bổ sung canxi giúp xương chắc khỏe Calci K2 Dao Nordic Health (60 viên)",DAO Nordic Health,Thực phẩm chức năng,https://nhathuoclongchau.com.vn/thuc-pham-chuc-nang/calci-k2-vien-bo-sung-canxi-ngua-loang-xuong-7.html
00049744,"Viên uống Ostelin Calcium & Vitamin D3 Sanofi giúp tăng hấp thụ canxi, duy trì xương và răng chắc khỏe (130 viên)",OSTELIN,Thực phẩm chức năng,https://nhathuoclongchau.com.vn/thuc-pham-chuc-nang/vien-uong-ostelin-calcium-and-vitamin-d3-sanofi-130-v.html
00020655,"Viên uống bổ sung canxi, chống loãng xương Mega-Cal 1000 Vitamins For Life (60 viên)",Vitamins For Life,Thực phẩm chức năng,https://nhathuoclongchau.com.vn/thuc-pham-chuc-nang/mega-cal-1000-60v-fda-21018.html
00010637,Sữa bổ sung dinh dưỡng đặc biệt cho người đái tháo đường Glucerna Abbott (380g),Abbott,Thực phẩm chức năng,https://nhathuoclongchau.com.vn/thuc-pham-chuc-nang/sua-abbott-glucerna-400g-16384.html
00503640,Kem bôi phục hồi và dịu da La Roche-posay Cicaplast Baume B5+ 40ml,Laroche posay,Thực phẩm chức năng,https://nhathuoclongchau.com.vn/duoc-my-pham/la-roche-posay-cicaplast-baume-b5-40-ml-kem-duong-lam-diu-phuc-hoi-lan-da-tre-em-va-tre-so-sinh.html
00050856,Sữa cân bằng dinh dưỡng Meiji Meibalance hương ngũ cốc (24 hộp x 125ml),Meiji,Thực phẩm chức năng,https://nhathuoclongchau.com.vn/thuc-pham-chuc-nang/sua-meiji-meibalance-huong-ngu-coc-24-hop-x-125-ml.html
00051046,"Siro hỗ trợ hấp thu canxi, giúp xương, răng chắc khỏe Nature's Way Kids Smart Drops Vitamin D3+K2 (Hộp 11ml)",Nature's way,Thực phẩm chức năng,https://nhathuoclongchau.com.vn/thuc-pham-chuc-nang/siro-ho-tro-hap-thu-canxi-giup-xuong-rang-chac-khoe-nature-s-way-kids-smart-drops-vitamin-d3-k2-11-ml.html
00049742,"Viên uống Ostelin Calcium & Vitamin D3 Sanofi giúp tăng hấp thụ canxi, duy trì xương và răng chắc khỏe (30 viên)",OSTELIN,Thực phẩm chức năng,https://nhathuoclongchau.com.vn/thuc-pham-chuc-nang/vien-uong-ostelin-calcium-and-vitamin-d3-sanofi-30-v-1.html
00500012,Siro hỗ trợ hấp thu canxi Fitobimbi D3 + K2 (30ml),FITOBIMBI,Thực phẩm chức năng,https://nhathuoclongchau.com.vn/thuc-pham-chuc-nang/fitobimbi-d3-k2-delap-30-ml.html
00053034,Thuốc Calci-D Usa-nic phòng ngừa và điều trị tình trạng thiếu hụt canxi và vitamin D (10 vỉ x 10 viên),Usa - Nic Pharma,Thực phẩm chức năng,https://nhathuoclongchau.com.vn/thuoc/calci-d-usa-nic-10-x10.html
00047677,"Viên uống BesticalX Ergopharm bổ sung canxi, vitamin D3 và vitamin K2, hỗ trợ xương, răng (30 viên)",ERGOPHARMA,Thực phẩm chức năng,https://nhathuoclongchau.com.vn/thuc-pham-chuc-nang/besticalx-ergo-30-v.html
00052151,"Viên uống bổ sung Canxi và Vitamin D3 giúp tăng cường hấp thu canxi, giúp xương chắc khoẻ Spring Leaf Liquid Calcium Plus Vitamin D3 (Lọ 60 viên)",SpringLeaf,Thực phẩm chức năng,https://nhathuoclongchau.com.vn/thuc-pham-chuc-nang/vien-uong-bo-sung-canxi-va-vitamin-d3-giup-xuong-chac-khoe-spring-leaf-liquid-calcium-plus-vitamin-d3-60-v.html
00008206,Siro Zedcal Meyer bổ sung Canxi và thiếu hụt Vitamin D3 (200ml),Meyer,Thực phẩm chức năng,https://nhathuoclongchau.com.vn/thuoc/zedcal-200ml-1690.html
00503172,Siro Polcalmex Polfarmex vị cam - phòng và điều trị thiếu canxi (150ml),Polfarmex,Thực phẩm chức năng,https://nhathuoclongchau.com.vn/thuoc/polcalmex-polfarmex-150ml-huong-cam-37467.html
00021992,Dung dịch uống A.T Calci Plus An Thiên hương cam cung cấp canxi cho cơ thể (30 ống x 10ml),An Thiên,Thực phẩm chức năng,https://nhathuoclongchau.com.vn/thuoc/at-calci-plus-an-thien-30-ong-x-10ml-huong-cam-22335.html
00016053,"Viên sủi Calci D-Hasan điều trị loãng xương, bổ sung Canxi và Vitamin D (18 viên)",Hasan,Thực phẩm chức năng,https://nhathuoclongchau.com.vn/thuoc/calci-d-hasan-18vtube-14642.html
00022576,Siro giúp hỗ trợ hấp thụ canxi LineaBon K2+D3 ErgoPharm (10ml),ERGOPHARMA,Thực phẩm chức năng,https://nhathuoclongchau.com.vn/thuc-pham-chuc-nang/lineabon-k2d3-ergopharm-10ml-tre-em-22902.html
00004135,Viên nhai KiddieCal Catalent bổ sung canxi và vitamin D (30 viên),Catalent,Thực phẩm chức năng,https://nhathuoclongchau.com.vn/thuoc/kiddieical-678mg-420.html
00046503,Chai xịt giúp hỗ trợ hấp thụ canxi LineaBon K2+D3 Ergopharma (10ml),ERGOPHARMA,Thực phẩm chức năng,https://nhathuoclongchau.com.vn/thuc-pham-chuc-nang/lineabon-k2-d3-spray-ergopharma-10-ml.html
00033583,Siro bổ sung canxi khoáng chất chắc xương khoẻ khớp Vitabiotics Osteocare Liquid (200ml),Vitabiotics,Thực phẩm chức năng,https://nhathuoclongchau.com.vn/thuc-pham-chuc-nang/vitabiotics-osteocare-liquid-200-ml.html
00022043,"Thuốc Calcid Soft cung cấp Calci và Vitamin D, giúp xương chắc khỏe (10 vỉ x 10 viên)",Usa - Nic Pharma,Thực phẩm chức năng,https://nhathuoclongchau.com.vn/thuoc/calcid-soft-usa-nic-pharma-10x10-22385.html
00044720,Thuốc Bocalso NTB Pharma bổ sung canxi cho các trường hợp có nguy cơ thiếu canxi (6 vỉ x 5 ống),Hà Tây,Thực phẩm chức năng,https://nhathuoclongchau.com.vn/thuoc/bocalso-ntb-500-mg-hataphar-6-vi-x-5-ong.html
00039928,Viên sủi bổ sung calci và vitamin cho trẻ em Kudos Kids Multivitamins Plus Calcium & D3 hương dưa hấu (20 viên),KUDOS,Thực phẩm chức năng,https://nhathuoclongchau.com.vn/thuc-pham-chuc-nang/vien-sui-kudos-kids-multivitamins-plus-calcium-and-d3-huong-dua-hau-20-v.html
00005274,"Thuốc PM NextG Cal Probiotec bổ sung canxi, điều trị loãng xương (5 vỉ x 12 viên)",MBC,Thực phẩm chức năng,https://nhathuoclongchau.com.vn/thuoc/nextgcal-5x12-17034.html
00031556,"Viên sủi Calsource 600mg+ 400IU Vitamin D3 GSK phòng ngừa và điều trị thiếu canxi, vitamin D (10 viên)",Gsk,Thực phẩm chức năng,https://nhathuoclongchau.com.vn/thuoc/calsourse-600mg400iu-vitamin-d3-sui-gsk-10v-31690.html
00013776,"Thuốc Caldihasan 1250mg/125IU Hasan phòng và điều trị thiếu hụt vitamin D, canxi (3 vỉ x 10 viên)",Hasan,Thực phẩm chức năng,https://nhathuoclongchau.com.vn/thuoc/caldihasan-hasan-3x10-15862.html
00007553,"Thuốc Trixlazi DaviPharm bổ sung canxi, magnesi, kẽm và Vitamin D3 (3 vỉ x 10 viên)",Davipharm,Thực phẩm chức năng,https://nhathuoclongchau.com.vn/thuoc/trixlazi-1911.html
00010190,Siro hỗ trợ tăng hấp thụ canxi Pediakid Vitamin D3 (20ml),Pediakid,Thực phẩm chức năng,https://nhathuoclongchau.com.vn/thuc-pham-chuc-nang/pediakid-vitamin-d3-20ml-16499.html
00502917,Siro giúp tăng cường hấp thu canxi Ocean D3K2 Orzax (20ml),ORZAX,Thực phẩm chức năng,https://nhathuoclongchau.com.vn/thuc-pham-chuc-nang/orzax-ocean-d3-k2-tri-khang-chai-20-ml.html
00043834,Thuốc Calvin Plus Biopharm phòng ngừa và điều trị thiếu vitamin D và thiếu canxi (10 vỉ x 6 viên),Biopharm,Thực phẩm chức năng,https://nhathuoclongchau.com.vn/thuoc/calvin-plus-biopharm-10-x6.html
00049745,"Viên uống Ostelin Calcium & Vitamin D3 Sanofi giúp tăng hấp thụ canxi, duy trì xương và răng chắc khỏe (275 viên)",OSTELIN,Thực phẩm chức năng,https://nhathuoclongchau.com.vn/thuc-pham-chuc-nang/vien-uong-ostelin-calcium-and-vitamin-d3-sanofi-275-v.html
00008205,Siro Zedcal Meyer bổ sung canxi và thiếu hụt vitamin D3 (100ml),Meyer,Thực phẩm chức năng,https://nhathuoclongchau.com.vn/thuoc/zedcal-100ml-1691.html
00032388,"Dung dịch uống Calcium Corbière Extra Sanofi bổ sung canxi, hỗ trợ điều trị loãng xương (3 vỉ x 10 ống x 10ml)",Sanofi,Thực phẩm chức năng,https://nhathuoclongchau.com.vn/thuoc/calcium-corbiere-extra-3-vi-x-10-ong-32519.html
00042070,"Thuốc Abricotis Probiotec hỗ trợ sức khỏe xương, cơ bắp, bổ sung canxi (6 vỉ x 10 viên)",Probiotec,Thực phẩm chức năng,https://nhathuoclongchau.com.vn/thuoc/abricotis-probiotec-6-x10.html
00029608,Dung dịch uống Calcolife 65mg/ml điều trị thiếu hụt canxi (20 ống x 10ml),23-9 Pharmaceutical,Thực phẩm chức năng,https://nhathuoclongchau.com.vn/thuoc/calcolife-65mg1ml-20-ong-x-10ml-29874.html
00027825,Dung dịch uống A.T Calmax 500 An Thiên bổ sung canxi (30 ống x 10ml),An Thiên,Thực phẩm chức năng,https://nhathuoclongchau.com.vn/thuoc/at-calmax-500-an-thien-pharma-27967.html
00001461,"Viên sủi Ca-C 1000 Sandoz bổ sung Vitamin C, Canxi (10 viên)",Sandoz,Thực phẩm chức năng,https://nhathuoclongchau.com.vn/thuoc/ca-c-1000-sandoz-4433.html
00040433,Chai xịt giúp tăng cường hấp thu canxi Dimao Pro Oral Spray D3 + K2 Valens (25ml),VALENS,Thực phẩm chức năng,https://nhathuoclongchau.com.vn/thuc-pham-chuc-nang/dimao-pro-oral-spray-d3-k2-25-ml.html
00021417,Thuốc Boncium Gracure phòng và điều trị thiếu Canxi và Vitamin D3 (3 vỉ x 10 viên),Gracure,Thực phẩm chức năng,https://nhathuoclongchau.com.vn/thuoc/boncium-1250mg-gracure-3x10-21737.html
00020699,Thuốc Goncal 1.47/0.15 DaviPharm phòng ngừa và điều trị thiếu canxi (6 vỉ x 10 viên),Davipharm,Thực phẩm chức năng,https://nhathuoclongchau.com.vn/thuoc/goncal-147015-gonsa-6x10-21055.html
00029350,Siro Polcalmex Polfarmex vị dâu - phòng và điều trị thiếu canxi (150ml),Polfarmex,Thực phẩm chức năng,https://nhathuoclongchau.com.vn/thuoc/polcalmex-polfarmex-150ml-29786.html
00032963,Siro bổ sung vitamin D3 tăng cường hấp thụ canxi Brauer Baby & Kids Liquid Vitamin D 400IU (10ml),Brauer,Thực phẩm chức năng,https://nhathuoclongchau.com.vn/thuc-pham-chuc-nang/brauer-baby-kids-liquid-vitamin-d-400iu-chai-10ml-33080.html
00009528,Dung dịch uống Mumcal 500mg Phương Đông bổ sung Canxi cho phụ nữ mang thai (20 ống x 10ml),Phương Đông,Thực phẩm chức năng,https://nhathuoclongchau.com.vn/thuoc/mumcal-1576.html
00501615,"Dung dịch uống Palkids Apimed bổ sung vitamin, canxi, điều trị suy nhược cơ thể (20 ống x 10ml)",Apimed,Thực phẩm chức năng,https://nhathuoclongchau.com.vn/thuoc/palkids-apimed-20-ong-x-10-ml.html
00005644,"Viên nén Osteomed Meyer bổ sung canxi, Magne, kẽm, vitamin D3 và khoáng chất (2 vỉ x 15 viên)",Meyer,Thực phẩm chức năng,https://nhathuoclongchau.com.vn/thuoc/osteomed-tablets-2744.html
00001500,Thuốc Calci - D Mekophar bổ sung calci (10 vỉ x 10 viên),Mekophar,Thực phẩm chức năng,https://nhathuoclongchau.com.vn/thuoc/calci-mekophar-4427.html
00003907,"Thuốc Idéos 500mg/400IU Innotech bổ sung Vitamin D và Canxi, điều trị bệnh loãng xương (4 tuýp x 15 viên)",Innothera,Thực phẩm chức năng,https://nhathuoclongchau.com.vn/thuoc/ideos-17204.html
00033203,"Cốm Pha Hỗn Dịch Uống Meyer Vita DC điều trị và phòng ngừa thiếu vitamin D và canxi, loãng xương (20 gói)",Meyer,Thực phẩm chức năng,https://nhathuoclongchau.com.vn/thuoc/com-pha-hon-dich-uong-meyer-vita-dc-hop-20-goi-x-5g-33315.html
00001513,"Dung dịch uống Calcium Stella Vitamin C, PP điều trị còi xương và bổ sung canxi (2 vỉ x 10 ống x 5ml)",Stella Pharm,Thực phẩm chức năng,https://nhathuoclongchau.com.vn/thuoc/calcium-5ml-4420.html
00001512,"Dung dịch uống Calcium Stella Vitamin C, PP điều trị còi xương và bổ sung canxi (3 vỉ x 8 ống x 10ml)",Stella Pharm,Thực phẩm chức năng,https://nhathuoclongchau.com.vn/thuoc/calcium-10ml-4421.html
00041798,"Viên nang mềm CalciumZindo USA NIC Pharma bổ sung canxi và vitamin D, phòng và điều trị loãng xương (12 vỉ x 5 viên)",Usa - Nic Pharma,Thực phẩm chức năng,https://nhathuoclongchau.com.vn/thuoc/calciumzindo-usa-nic-12-x5-1.html
00043230,"Viên nhai giúp tăng chiều cao, giảm nguy cơ còi xương cho trẻ em Borne Mineral New Nordic (120 viên)",NEW NORDIC,Thực phẩm chức năng,https://nhathuoclongchau.com.vn/thuc-pham-chuc-nang/vien-nhai-ho-tro-su-phat-trien-xuong-cho-tre-em-borne-mineral-new-nordic-120-v.html
00500119,"Viên uống giúp xương và răng chắc khỏe, giảm nguy cơ loãng xương Dr. Caci Ocavill (60 viên)",OCAVILL,Thực phẩm chức năng,https://nhathuoclongchau.com.vn/thuc-pham-chuc-nang/vien-uong-ho-tro-giam-nguy-co-loang-xuong-drcaci-ocavill-60v-34202.html
00030512,"Viên uống giúp răng xương chắc khỏe, tăng chiều cao, giảm còi xương Bawod Calcium Plus (60 viên)",Hdpharma,Thực phẩm chức năng,https://nhathuoclongchau.com.vn/thuc-pham-chuc-nang/vien-uong-chac-khoe-xuong-baywod-calcium-plus-hd-pharma-60-vien-30660.html
00345430,"Viên uống giúp xương chắc khỏe, duy trì sức khoẻ hệ xương Calcium Magnesium Zinc Nature's Bounty (100 viên)",Nature's Bounty,Thực phẩm chức năng,https://nhathuoclongchau.com.vn/thuc-pham-chuc-nang/vien-uong-bo-sung-canxi-magie-kem-1.html
00045381,Viên uống hỗ trợ tốt cho não và tim mạch Omexxel Ginkgo 120 Premium (60 viên),OMEXXEL,Thực phẩm chức năng,https://nhathuoclongchau.com.vn/thuc-pham-chuc-nang/vien-uong-bo-nao-ginkgo-120-premium-omexxel-60-v.html
00043050,Nước Yến Sào Cao Cấp Nunest Relax Đông Trùng Hạ Thảo 5% Yến (6 chai x 185ml),Nunest,Thực phẩm chức năng,https://nhathuoclongchau.com.vn/cham-soc-ca-nhan/nuoc-yen-sao-cao-cap-nunest-relax-dong-trung-ha-thao-5-yen-6-chai-x-185-ml.html
00043051,Nước Yến Sào Cao Cấp Nunest Đông Trùng Hạ Thảo 15% Yến (6 hũ x 70ml),Nunest,Thực phẩm chức năng,https://nhathuoclongchau.com.vn/cham-soc-ca-nhan/nuoc-yen-sao-cao-cap-nunest-dong-trung-ha-thao-15-yen-6-hu-x-70-ml.html
00045385,"Siro bổ sung chất xơ, tăng cường sức đề kháng cho trẻ KID GROW Kenko (100ml)",KENKO,Thực phẩm chức năng,https://nhathuoclongchau.com.vn/thuc-pham-chuc-nang/siro-tang-cuong-suc-de-khang-va-chieu-cao-cho-tre-kid-grow-kenko-100-ml.html
00049347,Cốm vi sinh bổ sung lợi khuẩn đường ruột Lacto Biomin Gold+ New (20 gói x 5g),Hdpharma,Thực phẩm chức năng,https://nhathuoclongchau.com.vn/thuc-pham-chuc-nang/com-vi-sinh-bo-sung-loi-khuan-duong-ruot-lacto-biomin-gold-new-hdpharma-20-goi-x-5-g.html
00045954,"Viên uống bổ sung vitamin và khoáng chất cho cơ thể, tăng sức khỏe Immuvita Easylife (100 viên)",EASYLIFE,Thực phẩm chức năng,https://nhathuoclongchau.com.vn/thuc-pham-chuc-nang/vien-uong-bo-sung-vitamin-va-khoang-chat-easylife-immuvita-100-v.html
00019020,"Siro hỗ trợ bổ sung các vitamin, giúp ăn ngon, tăng cường tiêu hóa Ăn Ngon - Bé Khỏe BBear (4 vỉ x 5 ống)",Thành Công,Thực phẩm chức năng,https://nhathuoclongchau.com.vn/thuc-pham-chuc-nang/an-ngon-tieu-hoa-khoe-bbear-thanh-cong-4x5-20314.html
00032918,"Viên uống giúp giảm đau khớp, khô khớp, bổ sung chất nhờn dịch khớp Glucosamine And Chondroitin Jpanwell (120 viên)",Jpanwell,Thực phẩm chức năng,https://nhathuoclongchau.com.vn/thuc-pham-chuc-nang/glucosamine-and-chondroitin-jpanwell-120v-33040.html
00345353,"Viên uống giúp tóc chắc khỏe, đẹp tóc, hạn chế rụng tóc Hair Volume New Nordic (30 viên)",NEW NORDIC,Thực phẩm chức năng,https://nhathuoclongchau.com.vn/thuc-pham-chuc-nang/hair-volume-vien-uong-duong-toc-102.html
00047373,"Viên vai gáy Abipha giảm đau nhức vai gáy, cơ xương khớp, tăng cường lưu thông khí huyết (3 vỉ x 10 viên)",Abipha,Thực phẩm chức năng,https://nhathuoclongchau.com.vn/thuoc/vien-vai-gay-abipha-3-x10.html
00021575,"Dung dịch uống Gadacal Hà Tây bổ sung Calci, Lysin và các Vitamin (20 ống x 10ml)",Hà Tây,Thực phẩm chức năng,https://nhathuoclongchau.com.vn/thuoc/gadacal-200mg-hataphar-20-ong-x-10ml-21932.html
00001431,"Thuốc Briozcal Bridge Healthcare dự phòng và điều trị thiếu hụt calci, vitamin D3 (3 vỉ x 10 viên)",Bridge Healthcare,Thực phẩm chức năng,https://nhathuoclongchau.com.vn/thuoc/briozcal-4452.html
00031070,"Dung dịch uống Calcium - NiC Plus bổ sung, phòng ngừa thiếu Canxi (20 ống x 10ml)",Usa - Nic Pharma,Thực phẩm chức năng,https://nhathuoclongchau.com.vn/thuoc/calcium-nic-plus-20-ong-x-10ml-31225.html
00006007,"Cốm Plurivica NadyPhar phòng ngừa, điều trị thiếu vitamin và canxi (80g) ",Nadyphar,Thực phẩm chức năng,https://nhathuoclongchau.com.vn/thuoc/plurivica-80-2577.html
00049615,"Thực phẩm bảo vệ sức khỏe Corbiere Calcium Plus Sanofi giúp bổ sung calci, vitamin D3 (3 vỉ x 10 ống)",Sanofi,Thực phẩm chức năng,https://nhathuoclongchau.com.vn/thuc-pham-chuc-nang/corbiere-calcium-plus-sanofi-3-x10-ong.html
00001637,Viên sủi C-Calci OPC phòng và điều trị tình trạng thiếu Vitamin C và Calci (10 viên),Opc,Thực phẩm chức năng,https://nhathuoclongchau.com.vn/thuoc/c-calci-1000mg-4368.html
00051047,"Viên uống bổ sung Vitamin và khoáng chất, giúp tăng đề kháng Nature's Way Complete Daily Multivitamin(Hộp 200 viên)",Nature's way,Thực phẩm chức năng,https://nhathuoclongchau.com.vn/thuc-pham-chuc-nang/vien-uong-bo-sung-vitamin-va-khoang-chat-giup-tang-de-khang-nature-s-way-complete-daily-multivitamin-200-v.html
00038887,Nước Yến Sào Cao Cấp Cho Trẻ Em Nunest Kid Vị Chuối (6 hũ x 70ml),Nunest,Thực phẩm chức năng,https://nhathuoclongchau.com.vn/cham-soc-ca-nhan/nuoc-yen-sao-cao-cap-cho-tre-em-nunest-kid-vi-chuoi-6-hu-x-70-ml.html
00039823,"Nước Yến Sào Cao Cấp Nunest Relax - Ngủ Ngon, Giảm Căng Thẳng Mệt Mỏi (6 hũ x 70ml)",Nunest,Thực phẩm chức năng,https://nhathuoclongchau.com.vn/cham-soc-ca-nhan/nuoc-yen-sao-cao-cap-nunest-relax-ngu-ngon-giam-cang-thang-met-moi-6-hu-x-70-ml.html
00500357,Viên uống cung cấp vitamin và khoáng chất cho phụ nữ chuẩn bị mang thai Premom Gold Jpanwell (60 viên),Jpanwell,Thực phẩm chức năng,https://nhathuoclongchau.com.vn/thuc-pham-chuc-nang/vien-uong-ho-tro-phu-nu-truoc-khi-mang-thai-premom-gold-jpanwell-60v-34461.html
00018614,Viên nén Natecal D3 Italfarmaco điều trị và phục hồi thiếu vitamin D (60 viên),Italfarmaco,Thực phẩm chức năng,https://nhathuoclongchau.com.vn/thuoc/natecal-d3-italfarmaco-60v-19932.html
00040292,"Viên uống bổ sung acid folic, kẽm, vitamin cho phụ nữ có kế hoạch mang thai proMUM New Start (2 vỉ x 15 viên)",proMUM,Thực phẩm chức năng,https://nhathuoclongchau.com.vn/thuc-pham-chuc-nang/vien-uong-ho-tro-phu-nu-truoc-khi-mang-thai-promum-new-start-2-x15.html
00018672,"Thuốc Arbol-100 Olive Healthcare dùng trong hạ canxi máu, suy tuyến cận giáp (3 vỉ x 10 viên)",Olive Healthcare,Thực phẩm chức năng,https://nhathuoclongchau.com.vn/thuoc/arbol-100-olive-3x10-19981.html
00005790,Dung dịch uống Pecaldex Nadyphar bổ sung canxi cho trẻ em chậm lớn (18 ống),Nadyphar,Thực phẩm chức năng,https://nhathuoclongchau.com.vn/thuoc/pecaldex-5ml-2670.html
00004924,"Dung dịch tiêm Miacalcic Novartis ngừa mất xương cấp tính, điều trị bệnh Paget, tăng canxi máu ác tính (5 ống)",Novartis,Thực phẩm chức năng,https://nhathuoclongchau.com.vn/thuoc/miacalcic-inj-50iuml-3008.html
00029850,"Thuốc SIS-Bone Korea Prime Pharma bổ sung canxi, điều trị loãng xương (10 vỉ x 10 viên)",Korea Prime Pharma,Thực phẩm chức năng,https://nhathuoclongchau.com.vn/thuoc/sis-bone-2718mg-prime-10x10-30117.html
00027586,"Thuốc Agi-calci Agimexpharm bổ sung calci, phòng và điều trị loãng xương (20 vỉ x 10 viên)",Agimexpharm,Thực phẩm chức năng,https://nhathuoclongchau.com.vn/thuoc/agi-calci-agimexpharm-20x10-28037.html
00032919,Viên uống hỗ trợ giảm nguy cơ cao huyết áp do mỡ máu cao Blood Pressure+++ Jpanwell (60 viên),Jpanwell,Thực phẩm chức năng,https://nhathuoclongchau.com.vn/thuc-pham-chuc-nang/vien-uong-ho-tro-huyet-ap-blood-pressure-jpanwell-60v-33039.html
00038885,Nước Yến Sào Cao Cấp Cho Trẻ Em Nunest Kid Grow Vị Cam (6 hũ x 70ml),Nunest,Thực phẩm chức năng,https://nhathuoclongchau.com.vn/cham-soc-ca-nhan/nuoc-yen-sao-cao-cap-cho-tre-em-nunest-kid-grow-vi-cam-6-hu-x-70-ml.html
00050678,Viên uống bổ sung vitamin và khoáng chất cho phụ nữ mang thai và sau sinh Mom Care Kenko (60 viên),KENKO,Thực phẩm chức năng,https://nhathuoclongchau.com.vn/thuc-pham-chuc-nang/vien-uong-bo-sung-vitamin-va-khoang-chat-giup-tang-cuong-suc-de-khang-cho-phu-nu-mang-thai-va-sau-sinh-mom-care-kenko-60-v-1.html
00033689,Siro bổ sung Betacarotene và Vitamin D3 giúp tăng đề kháng cho bé Brauer Baby & Child Immunity Support 100ml,Brauer,Thực phẩm chức năng,https://nhathuoclongchau.com.vn/thuc-pham-chuc-nang/brauer-baby-child-immunity-support-100ml-33776.html
00345406,Viên uống hỗ trợ cải thiện nội tiết tố cho phụ nữ tiền mãn kinh Doppelherz Aktiv-Meno (Hộp 30 viên),Doppelherz,Thực phẩm chức năng,https://nhathuoclongchau.com.vn/thuc-pham-chuc-nang/active-meno-can-bang-noi-tiet-to-nu-66.html
00051588,Nước bù khoáng Alkari Ion Sports (500ml),Alkari,Thực phẩm chức năng,https://nhathuoclongchau.com.vn/cham-soc-ca-nhan/nuoc-bu-khoang-alkari-ion-sports-500ml.html
00045390,"Viên uống giúp tăng đề kháng và trung hòa gốc tự do, giảm tác dụng phụ của hóa chất King Fucoidan Jpanwell (120 viên)",Jpanwell,Thực phẩm chức năng,https://nhathuoclongchau.com.vn/thuc-pham-chuc-nang/vien-uong-tang-cuong-suc-khoe-va-trung-hoa-goc-tu-do-king-fucoidan-jpanwell-120-v.html
00032884,Viên uống hỗ trợ tăng cường sức đề kháng và trung hòa các gốc tự do Okinawa Fucoidan +++ Jpanwell (30 viên),Jpanwell,Thực phẩm chức năng,https://nhathuoclongchau.com.vn/thuc-pham-chuc-nang/okinawa-fucoidan-jpanwell-3x10-32984.html
00031920,Siro bổ sung các vitamin hỗ trợ tăng cường sức đề kháng Top Grow Jpanwell (10 chai x 30ml),Jpanwell,Thực phẩm chức năng,https://nhathuoclongchau.com.vn/thuc-pham-chuc-nang/top-grow-jpanwell-10-chai-x-30ml-siro-vitamin-tang-truong-cho-tre-em-32067.html
00028829,"Dung dịch bổ sung Vitamin D3, DHA, EPA tăng đề kháng, giảm nguy cơ còi xương Vitamin D3+ DHA Hatro (20ml)",Hatro,Thực phẩm chức năng,https://nhathuoclongchau.com.vn/thuc-pham-chuc-nang/vitamin-d3-dha-hatro-20ml-29124.html
00500358,Viên uống tăng cường sức khỏe cho phụ nữ tiền mãn kinh JP Lady Jpanwell (60 viên),Jpanwell,Thực phẩm chức năng,https://nhathuoclongchau.com.vn/thuc-pham-chuc-nang/vien-uong-ho-tro-phu-nu-tien-man-kinh-jp-lady-jpanwell-60-v.html
00038881,Nước Yến Sào Cao Cấp Cho Trẻ Em Nunest Kid Lốc 3+1 (70ml),Nunest,Thực phẩm chức năng,https://nhathuoclongchau.com.vn/cham-soc-ca-nhan/nuoc-yen-sao-cao-cap-cho-tre-em-nunest-kid-tang-cuong-suc-khoe-an-ngon-loc-3-1-70-ml.html
00038884,Nước Yến Sào Cao Cấp Cho Trẻ Em Nunest Kid Vị Dâu Lốc 3+1 (70ml),Nunest,Thực phẩm chức năng,https://nhathuoclongchau.com.vn/cham-soc-ca-nhan/nuoc-yen-sao-cao-cap-cho-tre-em-nunest-kid-vi-dau-loc-3-1-70-ml.html
00039824,Nước Yến Sào Cao Cấp Nunest Cerna Dành Cho Người Tiểu Đường (6 hũ x 70ml),Nunest,Thực phẩm chức năng,https://nhathuoclongchau.com.vn/cham-soc-ca-nhan/nuoc-yen-sao-cao-cap-nunest-cerna-danh-cho-nguoi-tieu-duong-6-hu-x-70-ml.html
00043049,Nước Yến Sào Cao Cấp Nunest Detox Hạt Chia 5% Yến (6 chai x 185ml),Nunest,Thực phẩm chức năng,https://nhathuoclongchau.com.vn/cham-soc-ca-nhan/nuoc-yen-sao-cao-cap-nunest-detox-hat-chia-5-yen-6-chai-x-185-ml-1.html
00043227,Siro bổ sung vitamin và khoáng chất cho bé trai trong giai đoạn tăng trưởng B-TEEN Kenko (30 gói x 15g),KENKO,Thực phẩm chức năng,https://nhathuoclongchau.com.vn/thuc-pham-chuc-nang/b-teen-kenko-ho-tro-phat-trien-cho-be-trai-giai-doan-day-thi-30-goi-x-15-g.html
00043229,Siro bổ sung vitamin và khoáng chất cho bé gái trong giai đoạn tăng trưởng G-TEEN Kenko (30 gói x 15g),KENKO,Thực phẩm chức năng,https://nhathuoclongchau.com.vn/thuc-pham-chuc-nang/g-teen-kenko-ho-tro-phat-trien-cho-be-gai-giai-doan-day-thi-30-goi-x-15-g-1.html
00040135,"Viên uống Precare Mama Diamond cung cấp các vitamin, khoáng chất cho phụ nữ mang thai (30 viên)",TC Pharma,Thực phẩm chức năng,https://nhathuoclongchau.com.vn/thuc-pham-chuc-nang/vien-uong-ho-tro-phu-nu-mang-thai-precare-mama-diamond-30-v.html
00029361,Viên uống giúp hạ đường huyết hỗ trợ chuyển hóa đường Medsulin Gold Jpanwell (60 viên),Jpanwell,Thực phẩm chức năng,https://nhathuoclongchau.com.vn/thuc-pham-chuc-nang/medsulin-gold-jpanwell-60v-29699.html
00040295,"Viên uống bổ sung Acid folic, sắt cho phụ nữ mang thai và cho con bú proMUM New Live (2 vỉ x 15 viên)",proMUM,Thực phẩm chức năng,https://nhathuoclongchau.com.vn/thuc-pham-chuc-nang/vien-uong-ho-tro-phu-nu-mang-thai-promum-new-live-2-x15.html
00015043,"Viên uống ổn định đường huyết, tốt cho người bị tiểu đường Blood Sugar Control Vitamins For Life (60 viên)",Vitamins For Life,Thực phẩm chức năng,https://nhathuoclongchau.com.vn/thuc-pham-chuc-nang/blood-sugar-control-60v-15147.html
00041254,Trà Thảo Dược Giảo Cổ Lam Kami Tea (20 túi lọc x 2g),KAMI TEA,Thực phẩm chức năng,https://nhathuoclongchau.com.vn/cham-soc-ca-nhan/tra-thao-duoc-giao-co-lam-kami-tea-20-tui-loc-x-2-g.html
00045361,Viên uống hỗ trợ ổn định đường huyết Premium Omexxel Blood Sugar Health (60 viên),OMEXXEL,Thực phẩm chức năng,https://nhathuoclongchau.com.vn/thuc-pham-chuc-nang/vien-uong-ho-tro-on-dinh-duong-huyet-premium-omexxel-blood-sugar-health-60-v.html
00028662,Viên uống hỗ trợ giảm đường huyết cho người bị tiểu đường T.Đ Kingphar (60 viên),Kingphar,Thực phẩm chức năng,https://nhathuoclongchau.com.vn/thuc-pham-chuc-nang/td-kingphar-60v-28965.html
00049148,Viên uống hỗ trợ cải thiện chỉ số đường huyết Medsulin Plus (60 viên),VKENKO,Thực phẩm chức năng,https://nhathuoclongchau.com.vn/thuc-pham-chuc-nang/vien-uong-ho-tro-cai-thien-chi-so-duong-huyet-medsulin-plus-vkenko-60-v.html
00047617,"Siro Pharmaton Kiddi Syrup 100ml Sanofi bổ sung Lysin, calci và một số vitamin",Sanofi,Thực phẩm chức năng,https://nhathuoclongchau.com.vn/thuc-pham-chuc-nang/pharmaton-kiddi-syrup-sanofi-100-ml.html
00030884,"Dung dịch Letbaby Hà Tây cung cấp canxi, vitamin D3, phòng ngừa còi xương, loãng xương (20 ống x 10ml)",Hà Tây,Thực phẩm chức năng,https://nhathuoclongchau.com.vn/thuoc/letbaby-hataphar-20-ong-x-10-ml.html
00005789,Dung dịch uống Pecaldex Nadyphar bổ sung canxi cho trẻ em chậm lớn (1 vỉ x 10 ống x 10ml),Nadyphar,Thực phẩm chức năng,https://nhathuoclongchau.com.vn/thuoc/pecaldex-2671.html
00500785,Thuốc Authisix Meyer-Bpc giúp ngăn ngừa tình trạng thiếu hụt canxi và vitamin D3 (6 vỉ x 10 viên) ,MEYER-BPC,Thực phẩm chức năng,https://nhathuoclongchau.com.vn/thuoc/authisix-meyer-bpc-6-x10.html
00041725,"Siro Obikiton Hà Tây bổ sung calci, lysin và các vitamin cho trẻ (20 ống x 7.5ml)",Hà Tây,Thực phẩm chức năng,https://nhathuoclongchau.com.vn/thuoc/siro-obikiton-ha-tay-hop-20-ong-x-7-5-ml.html
00039689,Thuốc Meza-calci D3 Hataphar sử dụng để bổ sung calci và vitamin D cho người lớn tuổi (6 vỉ x 10 viên),Hà Tây,Thực phẩm chức năng,https://nhathuoclongchau.com.vn/thuoc/meza-calci-d3-hataphar-hop-6-vi-x-10-vien-1.html
00049743,"Viên uống Ostelin Calcium & Vitamin D3 Sanofi giúp tăng hấp thụ canxi, duy trì xương và răng chắc khỏe (60 viên)",OSTELIN,Thực phẩm chức năng,https://nhathuoclongchau.com.vn/thuc-pham-chuc-nang/vien-uong-ostelin-calcium-and-vitamin-d3-sanofi-60-v-1.html
00501238,"Dung dịch uống Novocal 10ml CPC1HN bổ trợ cho suy nhược chức năng, bổ sung calci, magnesi (20 ống)",CPC1HN,Thực phẩm chức năng,https://nhathuoclongchau.com.vn/thuoc/dung-dich-uong-novocal-novocare-20-ong-x-10-ml.html
00031434,"Thuốc Prednisolone 5mg TV.Pharm chống viêm, chống dị ứng và ức chế miễn dịch (10 vỉ x 20 viên)",Tv.Pharm,Thực phẩm chức năng,https://nhathuoclongchau.com.vn/thuoc/prednisolone-5mg-tvpharma-10x20-31572.html
00047995,"Viên uống bổ sung Calci, Magne Obimin Calcium United (3 vỉ x 10 viên)",United,Thực phẩm chức năng,https://nhathuoclongchau.com.vn/thuc-pham-chuc-nang/vien-uong-bo-sung-calci-magne-obimin-calcium-united-3-x10.html
00041458,"Thuốc Calciferat 750mg/200iu Medisun phòng và điều trị loãng xương, thiếu hụt calci và vitamin D (6 vỉ x 10 viên)",Medisun,Thực phẩm chức năng,https://nhathuoclongchau.com.vn/thuoc/calciferat-750-mg-200-iu-medisun-6-x10.html
00001523,"Viên sủi Calcium Sandoz 600 +Vitamin D3 phòng ngừa và điều trị thiếu canxi, vitamin D (10 viên)",Sandoz,Thực phẩm chức năng,https://nhathuoclongchau.com.vn/thuoc/calcium-sandoz-600-vitamin-d3-4415.html
00033208,"Viên uống Elevit Bayer hỗ trợ tăng cường sức khỏe, nâng cao sức đề kháng cho thai kỳ (3 vỉ x 10 viên)",Bayer,Thực phẩm chức năng,https://nhathuoclongchau.com.vn/thuc-pham-chuc-nang/vitamin-tong-hop-elevit-bau-bayer-3x10-33326.html
00003808,Thuốc Homtamin Ginseng Korea United cung cấp vitamin và muối khoáng (12 vỉ x 5 viên),Korea United,Thực phẩm chức năng,https://nhathuoclongchau.com.vn/thuoc/homtanin-ginseng-3462.html
00003280,"Hỗn dịch Gaviscon Reckitt Benckiser điều trị trào ngược dạ dày, thực quản (24 gói x 10ml)",Reckitt Benckiser,Thực phẩm chức năng,https://nhathuoclongchau.com.vn/thuoc/gaviscon-927-3656.html
00500982,Sữa tăng cường sức khỏe cơ-xương-khớp dành cho người trên 40 tuổi Anlene Gold 5X hương vani (800g),Anlene,Thực phẩm chức năng,https://nhathuoclongchau.com.vn/thuc-pham-chuc-nang/sua-anlene-gold-5-x-huong-vani-800-g.html
00016524,Sữa hỗ trợ thận có ure Nepro 1 Gold (400g),VITADAIRY,Thực phẩm chức năng,https://nhathuoclongchau.com.vn/thuc-pham-chuc-nang/nepro-1-gold-400g-14179.html
00039814,Sữa bổ sung hệ dưỡng chất cho vận động tiêu hóa người trên 40 tuổi Anlene Total 10 (800g),Anlene,Thực phẩm chức năng,https://nhathuoclongchau.com.vn/thuc-pham-chuc-nang/sua-anlene-total-10-huong-vani-800-g.html
00001518,Viên sủi Calcium Hasan 500mg phòng và hỗ trợ điều trị bệnh loãng xương (20 viên),Hasan,Thực phẩm chức năng,https://nhathuoclongchau.com.vn/thuoc/calcium-hasan-500mg-4417.html
00020776,Nước súc miệng Dr. Muối hương vỏ chanh làm giảm nguy cơ các bệnh về răng miệng (500ml),DR.MUỐI,Thực phẩm chức năng,https://nhathuoclongchau.com.vn/cham-soc-ca-nhan/drmuoi-ssm-500ml-nuoc-suc-mieng-huong-chanh-21137.html
00028834,Sữa Glucerna Abbott hương vani bổ sung dinh dưỡng đặc biệt cho người đái tháo đường (1 lốc x 6 chai),Abbott,Thực phẩm chức năng,https://nhathuoclongchau.com.vn/thuc-pham-chuc-nang/sua-glucerna-vani-abbott-220ml-1-loc-x-6-chai-29128.html
00503731,Siro hỗ trợ tăng khả năng tạo máu Vitabiotics Feroglobin B12 (200ml),Vitabiotics,Thực phẩm chức năng,https://nhathuoclongchau.com.vn/thuc-pham-chuc-nang/vitabiotics-feroglobin-b12-200-ml.html
00039375,Giúp bồi bổ sức khỏe cho trẻ Yến sào Kid Nest Tâm Sen (150ml),GOD HEALTH,Thực phẩm chức năng,https://nhathuoclongchau.com.vn/cham-soc-ca-nhan/yen-sao-kidnest-tam-sen-150ml.html
00049570,Sữa ổn định đường huyết Nutifood Varna Diabetes (850g),NUTIFOOD,Thực phẩm chức năng,https://nhathuoclongchau.com.vn/thuc-pham-chuc-nang/sua-nutifood-varna-diabetes-850-g.html
00022800,Dung dịch uống Duchat CPC1 dự phòng trường hợp thiếu Vitamin và Acid Amin (4 vỉ x 5 ống x 7.5ml),CPC1HN,Thực phẩm chức năng,https://nhathuoclongchau.com.vn/thuoc/duchat-cpc1-4x5-75ml-27727.html
00014728,Viên sủi Calcium Stella 500mg phòng và hỗ trợ điều trị loãng xương (20 viên),Stella Pharm,Thực phẩm chức năng,https://nhathuoclongchau.com.vn/thuoc/calcium-stada-500mg-15436.html
00022352,"Thuốc Hồ Nước điều trị da khô, các bệnh về da (20g)",Hóa Dược,Thực phẩm chức năng,https://nhathuoclongchau.com.vn/thuoc/ho-nuoc-hoa-duoc-vn-20g-22688.html
00049621,Thuốc Vitamin A-D Hdpharma dùng dự phòng và điều trị các triệu chứng do thiếu vitamin A - D (10 vỉ x 10 viên),Hdpharma,Thực phẩm chức năng,https://nhathuoclongchau.com.vn/thuoc/vitamin-a-d-hdpharma-10-x10.html
00039500,Sữa tăng cường sức khỏe khối cơ tăng miễn dịch Ensure Gold StrengthPro hương vani (380g),Abbott,Thực phẩm chức năng,https://nhathuoclongchau.com.vn/thuc-pham-chuc-nang/sua-abbott-ensure-gold-strengthpro-huong-vani-380-g.html
00039501,Sữa tăng cường sức khỏe khối cơ tăng miễn dịch Ensure Gold StrengthPro hương vani (800g),Abbott,Thực phẩm chức năng,https://nhathuoclongchau.com.vn/thuc-pham-chuc-nang/sua-abbott-ensure-gold-strengthpro-huong-vani-850-g.html
00039505,Sữa tăng cường sức khỏe khối cơ tăng miễn dịch Ensure Gold StrengthPro hương vani ít ngọt (380g),Abbott,Thực phẩm chức năng,https://nhathuoclongchau.com.vn/thuc-pham-chuc-nang/sua-abbott-ensure-gold-strengthpro-huong-vani-it-ngot-380-g.html
00039506,Sữa tăng cường sức khỏe khối cơ tăng miễn dịch Ensure Gold StrengthPro hương vani ít ngọt (800g),Abbott,Thực phẩm chức năng,https://nhathuoclongchau.com.vn/thuc-pham-chuc-nang/sua-abbott-ensure-gold-strengthpro-huong-vani-it-ngot-850-g.html
00503063,Sữa bổ sung dinh dưỡng hỗ trợ tiêu hóa Ensure Original hương vani (4 lốc x 6 chai),Abbott,Thực phẩm chức năng,https://nhathuoclongchau.com.vn/thuc-pham-chuc-nang/sua-ensure-vani-abbott-237ml-37370.html
00021567,Siro giảm ho long đờm Heviho Thái Minh (100ml),Thái Minh,Thực phẩm chức năng,https://nhathuoclongchau.com.vn/thuc-pham-chuc-nang/heviho-siro-abipha-60ml-21924.html
00007321,"Siro ho Bảo Thanh điều trị các chứng ho, viêm phổi (125ml)",Hoa Linh,Thực phẩm chức năng,https://nhathuoclongchau.com.vn/thuoc/thuoc-ho-bao-thanh-125ml-496.html
00001517,"Dung dịch uống Calcium Corbière Sanofi điều trị thiếu canxi, loãng xương (3 vỉ x 10 ống x 5ml)",Sanofi,Thực phẩm chức năng,https://nhathuoclongchau.com.vn/thuoc/calcium-corbiere-10ml-4418.html
00017580,"Thuốc AB ExtraBone-Care+ Aus Biopharm phòng và điều trị loãng xương, bổ sung canxi (6 vỉ x 10 viên)",Aus Biopharm,Thực phẩm chức năng,https://nhathuoclongchau.com.vn/thuoc/ab-extrabonecare-lo-60v-aus-biopharm-18957.html
00001502,"Dung dịch tiêm Calci Clorid Vidipha điều trị co giật, co thắt thanh quản do hạ Calci huyết (100 ống x 5ml)",Vidipha,Thực phẩm chức năng,https://nhathuoclongchau.com.vn/thuoc/calciclorid-5ml-4426.html
00001367,"Cao lỏng Bổ Tỳ Dưỡng Cốt Thái Dương hỗ trợ điều trị chán ăn, đầy bụng, bổ sung canxi cho trẻ còi xương (100ml)",Sao Thái Dương,Thực phẩm chức năng,https://nhathuoclongchau.com.vn/thuoc/cao-long-bo-ty-duong-cot-393.html
00033636,"Thuốc Calcium - D S.Pharm bổ sung calxi, điều trị loãng xương, còi xương (10 vỉ x 10 viên)",S.PHARM,Thực phẩm chức năng,https://nhathuoclongchau.com.vn/thuoc/calcium-d-spharm-10x10-33727.html
00032894,Sữa tăng cường sức khỏe tim mạch CaloSure gold Vitadairy (900g),VITADAIRY,Thực phẩm chức năng,https://nhathuoclongchau.com.vn/thuc-pham-chuc-nang/sua-vitadairy-calosure-gold-it-duong-900g-33015.html
00047170,"Viên bổ sung 5-MTHF, vitamin, khoáng chất cho phụ nữ mang thai 5-MTHF Plus (3 vỉ x 10 viên)",QUATREFOLIC,Thực phẩm chức năng,https://nhathuoclongchau.com.vn/thuc-pham-chuc-nang/5-mthf-plus-quatrefolic-3-x10.html
00001145,Viên giúp bổ sung nội tiết tố nữ estrogen Bảo Xuân 50+ Nam Dược (3 vỉ x 10 viên),Nam Dược,Thực phẩm chức năng,https://nhathuoclongchau.com.vn/thuc-pham-chuc-nang/bao-xuan-50-can-bang-noi-tiet-to-nu-350.html
00049030,Thuốc Boncinco Hà Nam giúp bổ sung các vitamin và acid amin thiết yếu (20 ống x 7.5ml),Hà Nam,Thực phẩm chức năng,https://nhathuoclongchau.com.vn/thuoc/boncinco-ha-nam-20-ong-x-7-5-ml.html
00011219,Viên hỗ trợ cơ xương Magnesium+Calcium+D3 Doppelherz (3 vỉ x 10 viên),Doppelherz,Thực phẩm chức năng,https://nhathuoclongchau.com.vn/thuc-pham-chuc-nang/doppelherz-magnesium-calcium-d3-3x10-475.html
00027542,Viên sủi Calcium Boston 500mg phòng và hỗ trợ điều trị loãng xương (20 viên),Boston,Thực phẩm chức năng,https://nhathuoclongchau.com.vn/thuoc/calcium-boston-500mg-20v-27858.html
00016525,Sữa bổ sung dinh dưỡng người bệnh suy thận Nepro 2 Gold (400g),VITADAIRY,Thực phẩm chức năng,https://nhathuoclongchau.com.vn/thuc-pham-chuc-nang/nepro-2-gold-400g-14178.html
00033806,Viên sủi giúp tăng sức đề kháng A-Z Fizz Doppelherz (13 viên),Doppelherz,Thực phẩm chức năng,https://nhathuoclongchau.com.vn/thuc-pham-chuc-nang/doppelherz-a-z-fizz-13v-33892.html
00029590,"Thuốc Alphavimin 10ml Hadiphar bổ sung vitamin trong thời kỳ dưỡng bệnh, chế độ ăn đặc biệt (20 ống)",Hadiphar,Thực phẩm chức năng,https://nhathuoclongchau.com.vn/thuoc/alphavimin-duoc-ha-tinh-20-ong-x-10ml-29854.html
00001280,Cốm vi sinh hỗ trợ tiêu hóa Bioacimin Gold Meracine (30 gói),MERACINE,Thực phẩm chức năng,https://nhathuoclongchau.com.vn/thuc-pham-chuc-nang/com-vi-sinh-bio-acimin-gold-271.html
00005901,"Viên nang mềm Philiver Phil Inter Pharma điều trị bệnh gan mạn tính, gan nhiễm mỡ (12 vỉ x 5 viên)",Phil Inter,Thực phẩm chức năng,https://nhathuoclongchau.com.vn/thuoc/philiver-2620.html
00031540,Thuốc bột uống Meza-Calci Hataphar điều trị hỗ trợ loãng xương (30 gói x 2g),Hà Tây,Thực phẩm chức năng,https://nhathuoclongchau.com.vn/thuoc/meza-calci-31680.html
00501860,Thuốc Photomit 500mg/10ml điều trị và ngăn ngừa tình trạng thiếu calci (20 ống x 10ml),CHO-A,Thực phẩm chức năng,https://nhathuoclongchau.com.vn/thuoc/photomit-500-mg-10-ml-20-ong-x-10-ml.html
00030805,"Thuốc Calcium Geral 10ml Usa-Nic Pharma hỗ trợ cho trẻ em còi xương, chậm lớn, thiếu calci (20 ống)",Usa - Nic Pharma,Thực phẩm chức năng,https://nhathuoclongchau.com.vn/thuoc/calcium-geral-usa-nic-pharma-20-ong-x-10ml-30944.html
00006108,"Thuốc PM Procare Catalent bổ sung DHA, EPA, Vitamin và khoáng chất (30 viên)",Catalent,Thực phẩm chức năng,https://nhathuoclongchau.com.vn/thuoc/procare-thuoc-bo-cho-ba-bau-850.html
00044138,"Thuốc Lycalci OPV bổ sung lysine, vitamin và khoáng chất (20 ống x 7,5 ml)",Opv,Thực phẩm chức năng,https://nhathuoclongchau.com.vn/thuoc/lycalci-opv-20-ong.html
00033686,Siro hỗ trợ xương răng phát triển chắc khỏe cho bé Kids Liquid Calcium with Magnesium And Zinc (200ml),Brauer,Thực phẩm chức năng,https://nhathuoclongchau.com.vn/thuc-pham-chuc-nang/brauer-baby-kids-liquid-calcium-with-magnesium-and-zinc-200ml-33774.html
00047641,Viên uống hỗ trợ giảm nguy cơ loãng xương Maxcal Mega (3 vỉ x 10 viên),MEGA We care,Thực phẩm chức năng,https://nhathuoclongchau.com.vn/thuc-pham-chuc-nang/vien-uong-ho-tro-giam-nguy-co-loang-xuong-maxcal-mega-3-x10.html
00002285,Viên sủi Davita Bone Sugar Free DHG phòng ngừa và điều trị loãng xương (10 viên),Dhg,Thực phẩm chức năng,https://nhathuoclongchau.com.vn/thuoc/davita-bone-dhg-10v-17398.html
00502043,Dung dịch uống A.T Calcium Cort An Thiên bổ sung vitamin và khoáng chất cho cơ thể (30 ống x 10ml),An Thiên,Thực phẩm chức năng,https://nhathuoclongchau.com.vn/thuoc/at-calcium-cort-an-thien-30-ong-x-10ml-36236.html
00501962,Dung dịch uống Calciumboston Ascorbic Boston điều trị thiếu vitamin C và Vitamin PP (4 vỉ x 5 ống),Boston,Thực phẩm chức năng,https://nhathuoclongchau.com.vn/thuoc/calciumboston-ascorbic-20-ong-x-10ml-36122.html
00501988,Sữa dinh dưỡng dành cho bệnh nhân gan Fohepta Vitadairy (400g),VITADAIRY,Thực phẩm chức năng,https://nhathuoclongchau.com.vn/thuc-pham-chuc-nang/sua-vitadairy-fohepta-400g-36190.html
00015072,"Siro Nutrohadi F bổ sung dinh dưỡng dùng cho trẻ biếng ăn, phòng ngừa thiếu vitamin (20 ống x 10ml)",Hadiphar,Thực phẩm chức năng,https://nhathuoclongchau.com.vn/thuoc/nutrohadi-f-20-ong-x-10ml-15118.html
00503430,Siro giúp hỗ trợ xương và răng chắc khỏe Bestical Ergopharma (120ml),ERGOPHARMA,Thực phẩm chức năng,https://nhathuoclongchau.com.vn/thuc-pham-chuc-nang/bestical-ergo-120-ml-strawberry-flavor.html
00002604,"Thuốc Drimy USP bổ sung vitamin, khoáng chất (10 vỉ x 10 viên)",Usp,Thực phẩm chức năng,https://nhathuoclongchau.com.vn/thuoc/drimy-3926.html
00006709,"Thuốc Silybean-Comp United hỗ trợ điều trị bệnh gan mãn tính, gan nhiễm mỡ (6 vỉ x 10 viên)",United,Thực phẩm chức năng,https://nhathuoclongchau.com.vn/thuoc/silybean-200mg-6x10-16888.html
00041894,Sữa hỗ trợ tăng cường miễn dịch và sức khoẻ tim mạch Vitadairy CaloSure America 800G,VITADAIRY,Thực phẩm chức năng,https://nhathuoclongchau.com.vn/thuc-pham-chuc-nang/sua-vitadairy-calosure-america-800-g.html
00048856,"Viên uống bổ sung vitamin, khoáng chất cho phụ nữ mang thai và cho con bú Fenza Mega (3 vỉ x 10 viên)",MEGA We care,Thực phẩm chức năng,https://nhathuoclongchau.com.vn/thuc-pham-chuc-nang/vien-uong-bo-sung-vitamin-khoang-chat-cho-phu-nu-mang-thai-va-cho-con-bu-fenza-mega-3-x10-1.html
00022518,Viên hỗ trợ sức khỏe phụ nữ mang thai Blackmores Pregnancy & Breast - Feeding Gold (60 viên),Blackmores,Thực phẩm chức năng,https://nhathuoclongchau.com.vn/thuc-pham-chuc-nang/pregnancy-and-breast-feeding-gold-blackmores-60v-22844.html
00005138,Viên uống bổ sung vitamin nhóm B NAT B MEGA We care (3 vỉ x 10 viên),MEGA We care,Thực phẩm chức năng,https://nhathuoclongchau.com.vn/thuc-pham-chuc-nang/nat-b-50mg-2919.html
00051526,"Sữa hỗ trợ tăng cường đề kháng, tăng cân khỏe mạnh cho trẻ 0-12 tháng tuổi Colosbaby gold 0+ Vitadairy (800g)",VITADAIRY,Thực phẩm chức năng,https://nhathuoclongchau.com.vn/thuc-pham-chuc-nang/sua-ho-tro-tang-cuong-de-khang-tang-can-khoe-manh-colosbaby-gold-0-vitadairy-800-g-1.html
00502413,Viên hỗ trợ sức khỏe nam giới Blackmores Multivitamin For Men (50 viên),Blackmores,Thực phẩm chức năng,https://nhathuoclongchau.com.vn/thuc-pham-chuc-nang/blackmores-multivitamin-for-men-50v-36665.html
00051560,Sữa giúp tăng đề kháng cho trẻ 0-12 tháng tuổi Nutifood Growplus+ Colostrum 0+ (400g),NUTIFOOD,Thực phẩm chức năng,https://nhathuoclongchau.com.vn/thuc-pham-chuc-nang/sua-giup-tang-de-khang-cho-tre-0-12-thang-tuoi-nutifood-growplus-colostrum-0-400-g.html
00009637,Viên phát triển chiều cao Vipteen Vinh Gia (2 vỉ x 10 viên),Vinh Gia,Thực phẩm chức năng,https://nhathuoclongchau.com.vn/thuc-pham-chuc-nang/vipteen-vinh-gia-16631.html
00005011,Viên nang cứng Moriamin Forte Roussel hỗ trợ duy trì và phục hồi sức khỏe (10 vỉ x 10 viên),RESANTIS,Thực phẩm chức năng,https://nhathuoclongchau.com.vn/thuoc/moriamin-forte-2976.html
00052190,Sữa dinh dưỡng công thức cho trẻ 0-12 tháng tuổi Aptamil Profutura Cesarbiotik 1 Infant Formula Danone (380g),Nutricia,Thực phẩm chức năng,https://nhathuoclongchau.com.vn/thuc-pham-chuc-nang/sua-dinh-duong-cong-thuc-cho-tre-0-12-thang-tuoi-aptamil-profutura-cesarbiotik-1-infant-formula-danone-380-g.html
00052191,Sữa dinh dưỡng công thức cho trẻ 0-12 tháng tuổi Aptamil Profutura Cesarbiotik 1 Infant Formula Danone (800g),Nutricia,Thực phẩm chức năng,https://nhathuoclongchau.com.vn/thuc-pham-chuc-nang/sua-dinh-duong-cong-thuc-cho-tre-0-12-thang-tuoi-aptamil-profutura-cesarbiotik-1-infant-formula-danone-800-g.html
00051561,"Sữa cho trẻ suy dinh dưỡng, thấp còi (đỏ) Nutifood growplus+ 2+ (850g)",NUTIFOOD,Thực phẩm chức năng,https://nhathuoclongchau.com.vn/thuc-pham-chuc-nang/sua-cho-tre-suy-dinh-duong-thap-coi-nutifood-growplus-2-do-850-g.html
00049569,Sữa hỗ trợ tăng đề kháng Nutifood Varna Colostrum (850g),NUTIFOOD,Thực phẩm chức năng,https://nhathuoclongchau.com.vn/thuc-pham-chuc-nang/sua-nutifood-varna-colostrum-850-g.html
00051505,Sữa hỗ trợ tăng đề kháng cho trẻ 0-12 tháng tuổi Colosbaby Lactoferrin 0+ Vitadairy (800g),VITADAIRY,Thực phẩm chức năng,https://nhathuoclongchau.com.vn/thuc-pham-chuc-nang/sua-ho-tro-tang-de-khang-colosbaby-lactoferrin-0-vitadairy-800-g.html
00004776,"Thuốc Medrol 4mg Pfizer kháng viêm, điều trị rối loạn nội tiết, viêm tuyến giáp (3 vỉ x 10 viên)",Pfizer,Thực phẩm chức năng,https://nhathuoclongchau.com.vn/thuoc/medrol-4mg-3081.html
00002105,Thuốc Coveram 5mg/5mg Servier điều trị tăng huyết áp (30 viên),Servier,Thực phẩm chức năng,https://nhathuoclongchau.com.vn/thuoc/coveram-5mg5mg-4149.html
00004775,"Thuốc Medrol 16mg Pfizer kháng viêm, điều trị rối loạn nội tiết, viêm tuyến giáp (3 vỉ x 10 viên)",Pfizer,Thực phẩm chức năng,https://nhathuoclongchau.com.vn/thuoc/thuoc-medrol-16mg-tri-roi-loan-noi-tiet-khang-viem-di-ung-3082.html
00002457,Thuốc Diltiazem Stella 60mg điều trị và dự phòng cơn đau thắt ngực (3 vỉ x 10 viên),Stella Pharm,Thực phẩm chức năng,https://nhathuoclongchau.com.vn/thuoc/diltiazem-60-3992.html
00048724,"Viên uống giúp xương, răng chắc khỏe Seacan K2 Traphaco (6 vỉ x 10 viên)",Traphaco,Thực phẩm chức năng,https://nhathuoclongchau.com.vn/thuc-pham-chuc-nang/seacan-k2-traphaco-6-x10.html
00032508,"Dung dịch vệ sinh phụ nữ Proeva Intimate Cleanser dịu nhẹ, an toàn cho vùng kín (125ml)",Ekuberg Pharma,Thực phẩm chức năng,https://nhathuoclongchau.com.vn/cham-soc-ca-nhan/dung-dich-ve-sinh-proeva-125ml.html
00028072,"Thuốc Totcal Soft Cap DongKoo điều trị còi xương, chứng co giật (20 vỉ x 5 viên)",Dongkoo,Thực phẩm chức năng,https://nhathuoclongchau.com.vn/thuoc/totcal-soft-cap-dongkoo-5x20-28213.html
00500797,Dung dịch uống Elnitine 10ml Stella bổ sung calcium và magnesium cho người bệnh (20 ống),Stella Pharm,Thực phẩm chức năng,https://nhathuoclongchau.com.vn/thuoc/elnitine-stella-20-ong-x-10ml-34933.html
00004076,Viên nén Keamine Stella điều trị rối loạn chuyển hóa protein (6 vỉ x 10 viên),Stella Pharm,Thực phẩm chức năng,https://nhathuoclongchau.com.vn/thuoc/keamine-105mg-3367.html
00010055,"Viên nén Lodimax 10 OPV Pharma chống tăng huyết áp, đau thắt ngực (2 vỉ x 10 viên) ",Opv,Thực phẩm chức năng,https://nhathuoclongchau.com.vn/thuoc/lodimax-10-1407.html
00006379,Dung dịch Ringer Lactate truyền tĩnh mạch bù nước và điện giải (20 chai x 500ml),Fresenius Kabi,Thực phẩm chức năng,https://nhathuoclongchau.com.vn/thuoc/ringerlactate-bidiphar-500ml-16915.html
00038812,Sữa hỗ trợ tăng cân khoa học và tiêu hóa tốt cho trẻ 1-10 tuổi Calokid Gold Vitadairy (900g),VITADAIRY,Thực phẩm chức năng,https://nhathuoclongchau.com.vn/thuc-pham-chuc-nang/sua-ho-tro-tang-can-khoa-hoc-va-tieu-hoa-tot-calokid-gold-vitadairy-900-g.html
00032135,Cốm hỗ trợ làm giảm các triệu chứng cảm Eugica Cold & Flu Mega (10 gói),MEGA We care,Thực phẩm chức năng,https://nhathuoclongchau.com.vn/thuc-pham-chuc-nang/eugica-cold-flu-mega-hop-10-goi-x-40g-ho-tro-lam-giam-cac-trieu-chung-cam-cam-cum-32268.html
00000618,"Thuốc Allopurinol 300mg Domesco điều trị tăng acid uric máu, sỏi thận (2 vỉ x 10 viên)",Domesco,Thực phẩm chức năng,https://nhathuoclongchau.com.vn/thuoc/allopurinol-300mg-vi-domesco-4801.html
00007371,Thuốc Tmi Roitin bổ sung các vitamin nhóm B (24 vỉ x 5 viên),Phil,Thực phẩm chức năng,https://nhathuoclongchau.com.vn/thuoc/timi-roitin-1986.html
00502322,Sữa bổ sung dinh dưỡng cho người đái tháo đường Gluvita Gold Vitadairy (900g),VITADAIRY,Thực phẩm chức năng,https://nhathuoclongchau.com.vn/thuc-pham-chuc-nang/sua-vitadairy-gluvita-gold-900g-36561.html
00045579,Viên hỗ trợ hạ đường huyết Diatema Tuệ Linh (60 viên),Tuệ Linh,Thực phẩm chức năng,https://nhathuoclongchau.com.vn/thuc-pham-chuc-nang/diatema-tue-linh-60-v.html
00002641,"Thuốc Dưỡng Cốt Hoàn Traphaco điều trị nhức mỏi trong ống xương, đau lưng (20 gói x 5g)",Traphaco,Thực phẩm chức năng,https://nhathuoclongchau.com.vn/thuoc/duong-cot-hoan-vien-uong-dieu-tri-dau-nhuc-xuong-khop-262.html
00044029,"Viên ngậm ho bổ phế Bảo Thanh trừ ho, hoá đờm (20 vỉ x 5 viên)",Hoa Linh,Thực phẩm chức năng,https://nhathuoclongchau.com.vn/thuoc/vien-ngam-ho-bo-phe-bao-thanh-20-x5.html
00053249,Viên uống hỗ trợ xương khỏe mạnh Calcium Magnesium Plus Zinc Solgar (100 viên),Solgar,Thực phẩm chức năng,https://nhathuoclongchau.com.vn/thuc-pham-chuc-nang/vien-uong-solgar-calcium-magnesium-zinc-100-vien.html
00007970,Cốm phát triển chiều cao Pre-Vipteen 3 20 gói,Vinh Gia,Thực phẩm chức năng,https://nhathuoclongchau.com.vn/thuc-pham-chuc-nang/com-pre-vipteen-3-bo-sung-canxi-cho-tre-515.html
00040269,Viên uống cung cấp vitamin và khoáng chất cho phụ nữ mang thai và cho con bú PregnaVie Complete MHD (3 vỉ x 10 viên),PREGNAVIE,Thực phẩm chức năng,https://nhathuoclongchau.com.vn/thuc-pham-chuc-nang/pregnavie-complete-mhd-pharma-3-x10.html
00031937,"Dung dịch uống Opecalcium dự phòng và điều trị thiếu vitamin, mệt mỏi, chán ăn (20 ống x 10ml)",Opv,Thực phẩm chức năng,https://nhathuoclongchau.com.vn/thuoc/opecalcium-opv-hop-20-ong-x-10ml-32071.html
00052979,Sữa cho bà mẹ mang thai và cho con bú Meiji Mama Milk (350g),Meiji,Thực phẩm chức năng,https://nhathuoclongchau.com.vn/thuc-pham-chuc-nang/sua-bot-meiji-mama-milk-350g.html
00052981,Sữa cho trẻ 1-3 tuổi Meiji Growing Up Formula (800g),Meiji,Thực phẩm chức năng,https://nhathuoclongchau.com.vn/thuc-pham-chuc-nang/sua-bot-meiji-growing-up-formula-800g.html
00052980,Sữa cho trẻ 0-12 tháng tuổi Meiji Infant Formula (800g),Meiji,Thực phẩm chức năng,https://nhathuoclongchau.com.vn/thuc-pham-chuc-nang/sua-bot-meiji-infant-formula-800g.html
00051508,Sữa hỗ trợ tăng đề kháng cho trẻ 1-2 tuổi Colosbaby Lactoferrin 1+ Vitadairy (800g),VITADAIRY,Thực phẩm chức năng,https://nhathuoclongchau.com.vn/thuc-pham-chuc-nang/sua-ho-tro-tang-de-khang-colosbaby-lactoferrin-1-vitadairy-800-g.html
00045125,Thuốc Bioketoca Herabiopharm điều trị rối loạn chuyển hóa protein trong suy thận mạn (5 vỉ x 10 viên),Herabiopharm,Thực phẩm chức năng,https://nhathuoclongchau.com.vn/thuoc/bioketoca-hera-5-x10.html
00022636,Sữa hỗ trợ hệ miễn dịch và tiêu hóa khỏe mạnh cho trẻ từ 0 tháng tuổi Icreo Balance Milk Glico (800g),Glico,Thực phẩm chức năng,https://nhathuoclongchau.com.vn/thuc-pham-chuc-nang/sua-glico-icreo-so-0-800g-tre-0-den-12-thang-22958.html
00051562,Sữa hỗ trợ đề kháng và tiêu hóa cho trẻ 1-3 tuổi Icreo Grow-up Milk Glico (820g),Glico,Thực phẩm chức năng,https://nhathuoclongchau.com.vn/thuc-pham-chuc-nang/sua-ho-tro-de-khang-va-tieu-hoa-cho-tre-1-3-tuoi-icreo-grow-up-milk-glico-820-g.html
00052982,Sữa cho trẻ từ 3 tuổi Icreo Learning Milk Glico (820g),Glico,Thực phẩm chức năng,https://nhathuoclongchau.com.vn/thuc-pham-chuc-nang/sua-cho-tre-tu-3-tuoi-icreo-learning-milk-glico-820-g.html
00002102,Thuốc Coveram 10mg/10mg Servier điều trị tăng huyết áp (30 viên),Servier,Thực phẩm chức năng,https://nhathuoclongchau.com.vn/thuoc/coveram-1010-4152.html
00003656,"Thuốc Hasanlor 5 Hasan điều trị tăng huyết áp, đau thắt ngực (10 vỉ x 10 viên)",Hasan,Thực phẩm chức năng,https://nhathuoclongchau.com.vn/thuoc/hasanlor-5mg-3513.html
00003164,Thuốc Fosmicin 500 Meiji điều trị nhiễm khuẩn (2 vỉ x 10 viên),Meiji,Thực phẩm chức năng,https://nhathuoclongchau.com.vn/thuoc/thuoc-fosmicin-500mg-meiji-dieu-tri-cac-nhiem-khuan-20-vien-3708.html
00008262,Thuốc Zoamco-A Pymepharco điều trị tăng huyết áp (2 vỉ x 10 viên),Pymepharco,Thực phẩm chức năng,https://nhathuoclongchau.com.vn/thuoc/zoamco-a-1658.html
00033012,Dung dịch Grow - F Hanapharm điều trị tình trạng thiếu Calci (20 ống x 10ml),Hà Nam,Thực phẩm chức năng,https://nhathuoclongchau.com.vn/thuoc/grow-f-ha-nam-20-ong-10ml-33137.html
00015931,Thuốc Vitamin B.Vitab B12 Danapha phòng và điều trị tình trạng thiếu Calci và Vitamin B (100 viên),Danapha,Thực phẩm chức năng,https://nhathuoclongchau.com.vn/thuoc/vitamin-bvitab-b12-100v-bao-duong-danapha-14761.html
00001506,"Dung dịch Calcigenol Vidipha bổ sung calci cho khẩu phần ăn, phòng ngừa còi xương do dinh dưỡng (360g)",Vidipha,Thực phẩm chức năng,https://nhathuoclongchau.com.vn/thuoc/calcigenol-437.html
00502291,Thuốc Savprocal D Savi hỗ trợ điều trị đặc hiệu bệnh loãng xương (3 vỉ x 10 viên),Savi,Thực phẩm chức năng,https://nhathuoclongchau.com.vn/thuoc/savprocal-d-savi-3-x10.html
00048397,Thuốc Ketovin Vinphaco phòng ngừa và điều trị rối loạn chuyển hóa protein trong suy thận mạn (10 vỉ x 10 viên),Vinphaco,Thực phẩm chức năng,https://nhathuoclongchau.com.vn/thuoc/ketovin-vinphaco-10-x10.html
00002481,"Thuốc Diurefar 40 Pharmedic điều trị tăng huyết áp, phù do suy tim, xơ gan, bệnh thận (10 vỉ x 12 viên)",Pharmedic,Thực phẩm chức năng,https://nhathuoclongchau.com.vn/thuoc/diiurefar-40-3978.html
00003304,"Thuốc Geotonik bổ sung Vitamin, khoáng chất (3 vỉ x 10 viên)",LIPA PHARMACEUTICALSLTD,Thực phẩm chức năng,https://nhathuoclongchau.com.vn/thuoc/geotonik-3x10-17265.html
00031227,Thuốc Furagon Mekophar phòng và điều trị suy thận mạn (10 vỉ x 10 viên),Mekophar,Thực phẩm chức năng,https://nhathuoclongchau.com.vn/thuoc/furagon-mekophar-10x10-31366.html
00041516,Thuốc Livalo 2mg Kowa điều trị tăng lipid máu nguyên (3 vỉ x 10 viên),KOWA,Thực phẩm chức năng,https://nhathuoclongchau.com.vn/thuoc/livalo-tablets-2-mg-kowa-3-x10-1.html
00043776,Thuốc Kalira CPC1 điều trị tăng kali trong máu do suy thận (20 gói x 5g),CPC1HN,Thực phẩm chức năng,https://nhathuoclongchau.com.vn/thuoc/kalira-cpc-1-20-goi.html
00028386,Thuốc Ketovital Gia Nguyễn phòng ngừa và điều trị bệnh suy thận mạn (10 vỉ x 10 viên),MERACINE,Thực phẩm chức năng,https://nhathuoclongchau.com.vn/thuoc/ketovital-gia-nguyen-10x10-28691.html
00038181,"Thuốc Amlodipine 5mg Stella Pharm điều trị tăng huyết áp, đau thắt ngực ổn định mạn tính (10 vỉ x 10 viên)",Stella Pharm,Thực phẩm chức năng,https://nhathuoclongchau.com.vn/thuoc/amlodipine-stella-5-mg-10-x10.html
00046912,Thuốc Magnesi - B6 STELLA Tablet điều trị hạ magnesium huyết nặng (10 vỉ x 10 viên),Stella Pharm,Thực phẩm chức năng,https://nhathuoclongchau.com.vn/thuoc/magnesi-b6-stella-tablet-10-x10-1.html
00020798,Dung dịch uống Babi B.O.N OPV phòng và điều trị các bệnh do thiếu vitamin D (12ml),Opv,Thực phẩm chức năng,https://nhathuoclongchau.com.vn/thuoc/babi-bon-12ml-vitamin-d-21147.html
00000929,Thuốc AtorHasan 20mg giảm cholesterol và triglycerid trong máu (10 vỉ x 10 viên),Hasan,Thực phẩm chức năng,https://nhathuoclongchau.com.vn/thuoc/atorhasan-20mg-4657.html
00017732,Bột pha uống U-Stone Casasco điều trị và phòng ngừa sỏi thận (60 gói),Casasco S.A.I.C,Thực phẩm chức năng,https://nhathuoclongchau.com.vn/thuoc/ustone-casasco-60-goi-19091.html
00042669,"Thuốc Cordamil 40MG Helcor Điều trị và phòng ngừa đau thắt ngực, rối loạn nhịp tim, tăng huyết áp nhẹ đến trung bình (3 vỉ x 10 viên)",HELCOR,Thực phẩm chức năng,https://nhathuoclongchau.com.vn/thuoc/cordamil-40-mg-helcor-3-x10.html
00003211,"Thuốc Furosemide Mekophar điều trị phù, tăng huyết áp (10 vỉ x 30 viên)",Mekophar,Thực phẩm chức năng,https://nhathuoclongchau.com.vn/thuoc/furosemide-40mg-3688.html
00030155,Thuốc Ravastel-10 DaVi Pharm điều trị tăng cholesterol huyết và phòng ngừa biến cố tim mạch (2 vỉ x 14 viên),Davipharm,Thực phẩm chức năng,https://nhathuoclongchau.com.vn/thuoc/ravastel-10-davi-2x14-30308.html
00046676,"Thuốc Furosemide Stella 40mg Stella Pharm điều trị phù phổi cấp, phù do tim, gan, thận (5 vỉ x 10 viên)",Stella Pharm,Thực phẩm chức năng,https://nhathuoclongchau.com.vn/thuoc/furosemide-40-mg-stella-5-x10-2.html
00031069,Thuốc Ezenstatin 10/10 Agimexpharm điều trị tăng cholesterol máu (4 vỉ x 7 viên),Agimexpharm,Thực phẩm chức năng,https://nhathuoclongchau.com.vn/thuoc/ezenstatin-10mg10mg-agimexpharm-4x7-31226.html
00029549,Thuốc Ezenstatin 10/20 Agimexpharm dự phòng biến cố tim mạch (4 vỉ x 7 viên),Agimexpharm,Thực phẩm chức năng,https://nhathuoclongchau.com.vn/thuoc/ezenstatin-1020-agimexpharm-4x7-29813.html
00030992,Thuốc Rotorlip 10 DHG điều trị tăng cholesterol máu tiên phát (3 vỉ x 10 viên),Dhg,Thực phẩm chức năng,https://nhathuoclongchau.com.vn/thuoc/rotorlip-10mg-dhg-3x10-31142.html
00046909,"Thuốc Allopurinol 300mg Stella Pharm giảm sự hình thành acid uric, điều trị bệnh gout (10 vỉ x 10 viên)",Stella Pharm,Thực phẩm chức năng,https://nhathuoclongchau.com.vn/thuoc/allopurinol-300-mg-stella-10-x10-1.html
00017951,Thuốc Rotinvast 20 Agimexpharm giảm cholesterol toàn phần (3 vỉ x 10 viên) ,Agimexpharm,Thực phẩm chức năng,https://nhathuoclongchau.com.vn/thuoc/rotinvast-20-agimex-3x10-19300.html
00030970,Thuốc Atoris 10mg KrKa điều trị mỡ máu nguyên phát (3 vỉ x 10 viên),Krka,Thực phẩm chức năng,https://nhathuoclongchau.com.vn/thuoc/atoris-10mg-31165.html
00050571,Thuốc Notired Eff Strawberry 456/426mg trị suy nhược chức năng (5 vỉ x 4 viên),Bidiphar,Thực phẩm chức năng,https://nhathuoclongchau.com.vn/thuoc/notired-eff-strawberry-456-426-mg-bidiphar-5-x4.html
00053527,Bột Điện Giải Vị Chanh Dây Fine Sports Drink Powder (5 gói x 25g),FINE JAPAN,Thực phẩm chức năng,https://nhathuoclongchau.com.vn/cham-soc-ca-nhan/bot-dien-giai-fine-sports-drink-vi-chanh-day-5-goi-x-25g.html
00019023,Thuốc ADMED Mediplantex phòng và điều trị các bệnh thiếu Vitamin A và D (10 vỉ x 10 viên),Mediplantex,Thực phẩm chức năng,https://nhathuoclongchau.com.vn/thuoc/vitamin-ad-mediplantex-10x10-20320.html
00004755,Thuốc Medexa 16mg PT. Dexa Medica điều trị bất thường chức năng vỏ thượng thận (5 vỉ x 6 viên),Dexa,Thực phẩm chức năng,https://nhathuoclongchau.com.vn/thuoc/medexa-16mg-3092.html
00031585,"Hỗn dịch uống Calcium Geral 15ml Usa - Nic Pharma dùng hỗ trợ cho trẻ em còi xương, chậm lớn (20 gói)",Usa - Nic Pharma,Thực phẩm chức năng,https://nhathuoclongchau.com.vn/thuoc/calcium-geral-usa-nic-pharma-20-ong-x-15ml-tricalcium-phosphate-10000mg-31723.html
00502884,"Thuốc Caduet 5mg/10mg Pfizer điều trị tăng huyết áp, rối loạn lipid máu (3 vỉ x 10 viên)",Pfizer,Thực phẩm chức năng,https://nhathuoclongchau.com.vn/thuoc/caduet-5mg10mg-pfizer-3x10-37188.html
00002993,"Dung dịch uống Fatig Abbott hỗ trợ điều trị suy nhược chức năng, bổ sung khoáng chất (2 vỉ x 10 ống)",Abbott,Thực phẩm chức năng,https://nhathuoclongchau.com.vn/thuoc/fatig-0456g-3783.html
00008263,Thuốc Zoamco 10 Pymepharco điều trị rối loạn lipid máu (2 vỉ x 15 viên),Pymepharco,Thực phẩm chức năng,https://nhathuoclongchau.com.vn/thuoc/zoamco-10mg-1657.html
00005908,Viên nang mềm Philoyvitan Phil Inter Pharma điều trị hỗ trợ các bệnh gan mạn tính (12 vỉ x 5 viên),Phil,Thực phẩm chức năng,https://nhathuoclongchau.com.vn/thuoc/philoyvitan-200mg-2615.html
00020532,"Thuốc Vinzix 40mg Vinphaco điều trị phù, tăng huyết áp (5 vỉ x 50 viên)",Vĩnh Phúc,Thực phẩm chức năng,https://nhathuoclongchau.com.vn/thuoc/vinzix-40mg-vinphaco-5x50-20769.html
00502625,"Thuốc Azetatin 40 Meyer-BPC điều trị cholesterol máu, tăng lipid máu nguyên phát (10 vỉ x 10 viên)",MEYER-BPC,Thực phẩm chức năng,https://nhathuoclongchau.com.vn/thuoc/azetatin-40-meyer-bpc-10-x10.html
00503762,Thuốc Statinagi 20 Agimexpharm điều trị tăng cholesterol máu (6 vỉ x 10 viên),Agimexpharm,Thực phẩm chức năng,https://nhathuoclongchau.com.vn/thuoc/statinagi-20-mg-agimexpharm-6-x10.html
00017559,Thuốc Vaslor 10 Davi Pharm giảm cholesterol và triglycerid trong máu (4 vỉ x 7 viên),Davipharm,Thực phẩm chức năng,https://nhathuoclongchau.com.vn/thuoc/vaslor-10-4x7-davi-pharm-18925.html
00015290,"Thuốc Furosan 40mg Hasan điều trị phù, tăng huyết áp nhẹ hay trung bình (10 vỉ x 10 viên)",Hasan,Thực phẩm chức năng,https://nhathuoclongchau.com.vn/thuoc/furosan-40mg-10x10-14908.html
00015136,Thuốc Dorotor 20mg Domesco điều trị tăng cholesterol (2 vỉ x 10 viên),Domesco,Thực phẩm chức năng,https://nhathuoclongchau.com.vn/thuoc/dorotor-20mg-2x10-15055.html
00015865,Thuốc Vitamin A-D HDpharma điều trị tình trạng thiếu Vitamin A và D (5 vỉ x 10 viên),Hải Dương,Thực phẩm chức năng,https://nhathuoclongchau.com.vn/thuoc/vitamin-a-d-hdpharma-5x10-14826.html
00021151,"Thuốc Becolitor 20mg Meyer-BPC điều trị tăng cholesterol toàn phần, LDL-cholesterol (30 viên)",MEYER-BPC,Thực phẩm chức năng,https://nhathuoclongchau.com.vn/thuoc/becolitor-20mg-meyer-3x10-21490.html
00030659,"Thuốc tiêm Biseko Biotest bù thể tích máu, chống nhiễm trùng (50ml)",Biotest,Thực phẩm chức năng,https://nhathuoclongchau.com.vn/thuoc/biseko-5-30807.html
00020052,Thuốc bột Kalimate 5g Dopharma điều trị tăng kali trong máu do suy thận (5g x 30 gói),Tw2,Thực phẩm chức năng,https://nhathuoclongchau.com.vn/thuoc/kalimate-5g-trung-uong-2-30-goi-20348.html
00030405,Thuốc Pitalip 2mg Abbott điều trị tăng cholesterol máu (3 vỉ x 10 viên),Abbott,Thực phẩm chức năng,https://nhathuoclongchau.com.vn/thuoc/pitalip-2mg-abbott-3x10-30513.html
00002810,Thuốc bột Enteric Nadyphar hỗ trợ điều trị viêm ruột cấp tính và mãn tính (30 gói x 3g),Nadyphar,Thực phẩm chức năng,https://nhathuoclongchau.com.vn/thuoc/enteric-3g-nadyphar-hop-30-goi-17317.html
00038602,"Nhũ tương truyền tĩnh mạch Kabiven Peripheral 1000kcal Fresenius Kabi gồm glucose, acid amin, intralipid (1440ml)",Fresenius Kabi,Thực phẩm chức năng,https://nhathuoclongchau.com.vn/thuoc/nhu-tuong-truyen-tinh-mach-kabiven-peripheral-1000-kcal-tui-3-ngan-1440-ml.html
00038824,Thuốc Magne - B6 Stella điều trị hạ magnesium huyết nặng (5 vỉ x 10 viên),Stella Pharm,Thực phẩm chức năng,https://nhathuoclongchau.com.vn/thuoc/magne-b6-stella-5-x10.html
00010722,Thuốc Rotacor 20mg Sandoz điều trị tăng cholesterol toàn phần (3 vỉ x 10 viên),Sandoz,Thực phẩm chức năng,https://nhathuoclongchau.com.vn/thuoc/rotacor-20mg-1205.html
00502104,"Thuốc Inbacid 10 Savi điều trị tăng lipid máu, dự phòng biến cố tim mạch (3 vỉ x 10 viên)",Savi,Thực phẩm chức năng,https://nhathuoclongchau.com.vn/thuoc/inbacid-10-atorvastatin-savipharm-hop-3-vi-x-10-vien-36306.html
00029935,"Thuốc Bifril 15mg Menarini điều trị tăng huyết áp, nhồi máu cơ tim cấp (2 vỉ x 14 viên)",Menarini,Thực phẩm chức năng,https://nhathuoclongchau.com.vn/thuoc/bifril-15-zefenopril-calcium-15mg-2x14-30208.html
00051072,Thuốc Amlobest 5mg TV.Pharm điều trị tăng huyết áp và dự phòng đau thắt ngực ổn định (10 vỉ x 10 viên),Tv.Pharm,Thực phẩm chức năng,https://nhathuoclongchau.com.vn/thuoc/amlobest-5-mg-tv-pharm-10-x10.html
00031075,"Thuốc Atobe Hadiphar ngừa xơ vữa động mạch, đột quỵ (3 vỉ x 10 viên)",Hadiphar,Thực phẩm chức năng,https://nhathuoclongchau.com.vn/thuoc/atobe-10mg10mg-3x10-31209.html
00014252,Thuốc AtorHasan 10mg Hasan điều trị tăng lipid huyết (10 vỉ x 10 viên),Hasan,Thực phẩm chức năng,https://nhathuoclongchau.com.vn/thuoc/atorhasan-10mg-10x10-15709.html
